Apple 아이폰 13 256GB [자급제],"994,150원",https://cr.shopping.naver.com/adcr.nhn?x=xk43gREumQA8u0vFO0hy0f%2F%2F%2Fw%3D%3DshueptNtyASfHwXmZ1DHL39%2Fyb0yWz%2BSHAa%2F9MKF1s2AbsBKbbjTB%2BBCjsLv6tz%2BjtK6mDa%2BtpybpW2SBLQ%2B6e%2FScLSS%2FY%2B%2BWCWViFCx5%2BQMdXqHFvk531U5gnZdZVP5ZcZ%2Fc2a5mUTJbm3RSVieEg0gAn8lD2%2BxrgblrBqYwPdWug%2B9sjA7rHdeMLkY%2BwIMUQUzDYPs6sIAQ2akrCEq2IDQZD6UDT51Dg8nNb9lI8fV%2BFLPJmN7kd5F0maTGsL0com3t4ehJW2l6G1o6yBFTTQwxN212GjeiHooVC9uGVC654J8UO7LDGXdPU9Do8oyMXmq0wb8nQ9S1CNyVqQgAyOxKYNGekwKamcDZTM%2FcPlOzaLo3YojXuQJMvdaZ%2BI%2Fy%2F0X8gFBBhr6rnnTk5Nq2rKILc1t2XjGv9C4AO%2BQtVfyxyTNOpvF5JKAAUscSxRXpjrModG8ApvyDh2g%2Bv61QBw8fGnfSmUm6vWXYDFIsx9ZD%2FkFMO4s7sTx4sbc7XXXQvaOjGxMtdSZf0nL3LrxHbF83uVMwQDzbVvz2Lk5sjLutqaMHAJkj0DAJXiYJNZCZCXIMYKkzT061mzrwfgc%2F8LOKF6yVmM6fGXmEBPH0ml0DfkLIyuldBS3f8m8e6nLmzUhNzs2VE%2B%2Bisqs3JAEppg%3D%3D&nvMid=29029192591&catId=50001519
Apple 아이폰 13 프로 256GB [자급제],"1,294,000원",https://cr.shopping.naver.com/adcr.nhn?x=uaeifEt31WEHG99PEBnikP%2F%2F%2Fw%3D%3Dspl7XJyVEIhK2JhyTVEDVT3IN0Ejz7F3D6m4OnECupTEbsBKbbjTB%2BBCjsLv6tz%2BjVf1cwYZVqskydAUn4219zJWDdhLFE%2Fh9mvydIW%2F48FQdXqHFvk531U5gnZdZVP5ZcZ%2Fc2a5mUTJbm3RSVieEg0gAn8lD2%2BxrgblrBqYwPdWug%2B9sjA7rHdeMLkY%2BwIMUBoJ3D2%2FUDVKv9Br5lu%2FNPDQZD6UDT51Dg8nNb9lI8fV%2BFLPJmN7kd5F0maTGsL0com3t4ehJW2l6G1o6yBFTTQwxN212GjeiHooVC9uGVC654J8UO7LDGXdPU9Do8oyMXmq0wb8nQ9S1CNyVqQgAyIbRoHqe6Sn4sM5wklGoCAGzaLo3YojXuQJMvdaZ%2BI%2Fy%2F0X8gFBBhr6rnnTk5Nq2rJ24sVh73dZKkK1VM45lPiexyTNOpvF5JKAAUscSxRXpjrModG8ApvyDh2g%2Bv61QB3kI42hxPR0ucLHkciJlTSwN%2FOXq06xFLlMCwNDQObjPLcqEhOiscytOptfh0D9%2BArMM84esnWiB1TTvb56l6EBrGuKhfGUEr57QUurpQKpJv4YGjJCSIW1IvBxXT1wG92CVq60wlcKvE0vayenEFOJvU2Y6hEEwGxc1AZfON9sL4VRAH%2BsMDObarUodGweR8Q%3D%3D&nvMid=29030492586&catId=50001519
Apple 아이폰 13 프로 128GB [자급제],"1,162,000원",https://cr.shopping.naver.com/adcr.nhn?x=2%2F%2Ft5Oy1GLZ1yjFaqrp56v%2F%2F%2Fw%3D%3DsCVX2cwf04ioi3oYBs8VhBXnWpOJyVLr7IPu%2FMHQ%2FUyRhJz9H0Ub4KLvuVTVtNMxMRoGMZXFTnJ%2FP3wS6FQz37nmXKUJZaz%2BdeEspev5o0pmelEOrBckg%2Bz%2BRsaSRwMKQBlW4NQjEoADycZ69BIAjdci30QtKP1mA7BYZPpxeJLexWvZfe2todmJfmpbNrXnquNUGE%2F8E2Wl6h%2B8WEwxe9bix7jXt7MNVc9AIu4EfDZlNEwRr%2B3STfYHGn%2FB5b3e4Mn7PPqaT0oX%2BKgZuxMY8aLBSVmh9xci1gq4kLsZqtWuk6v2w9jBqMGR4TTsgYaQnlII%2ByYYqWVu3SSXxcjEJdNp2GBdfYs60MsexYa%2Fv1INQvCL0vjT7BDyew%2BppTYv%2B42C%2Fc7qRTevQOFdP2Clgn1sTH8QFxYcndTLrTjjhVHpLXcv9Az4Jm6rquko58j6DsqLykQuGh01ylIDtEDoqxsERtARkDvV5bMoKfLF04kTlE80KNwbfNxekQsGJejRksTXhzeKkynwlV5iG42bUw4AFcz%2BMaZLIhz2PBMx0lSydmdWrsbXSV24szNeLB31DRcr15Kty4fmGxB2pSaMJdV4dF%2F%2BNz0XOaZsG0GpK4B1Xc50eBITwugSNPH3Ok09sVpGw61BSdoQRvEGgfFlc5w%3D%3D&nvMid=29030420587&catId=50001519
Apple 아이폰 13 미니 128GB [자급제],"920,520원",https://cr.shopping.naver.com/adcr.nhn?x=6MDnzg%2Bl%2BV9FIxS%2FLP5%2FCP%2F%2F%2Fw%3D%3Dsj1BNJu3SlmqJwAsFJD%2FliNeRER6N3X5wiRptIyGSyb1hJz9H0Ub4KLvuVTVtNMxMfR6wtIuu0wcLP5HbHQn%2FjHmXKUJZaz%2BdeEspev5o0pmelEOrBckg%2Bz%2BRsaSRwMKQBlW4NQjEoADycZ69BIAjdci30QtKP1mA7BYZPpxeJLexWvZfe2todmJfmpbNrXnq2drsUEzev9hA0cDt%2BuxFM7ix7jXt7MNVc9AIu4EfDZlNEwRr%2B3STfYHGn%2FB5b3e4Mn7PPqaT0oX%2BKgZuxMY8aLBSVmh9xci1gq4kLsZqtWuk6v2w9jBqMGR4TTsgYaQnlII%2ByYYqWVu3SSXxcjEJdKZzJrX4kWSrYExfx9UT3pRQvCL0vjT7BDyew%2BppTYv%2B42C%2Fc7qRTevQOFdP2Clgn86oCt385A1D3duDTkPjGLVLXcv9Az4Jm6rquko58j6DsqLykQuGh01ylIDtEDoqxo3K7B%2FfdlOcsEFpeF9PYGXlE80KNwbfNxekQsGJejRksTXhzeKkynwlV5iG42bUw7JT8dB41LHKf9UJU0946Q%2BbuFfpyQbyZ0XlCkQTIkeJyMRKY036vKJ6UZX3NwIa3jZpeuMEKh06pfhMmcmCrVLke%2FVP%2BgM94BPZkP5YJ%2Bex&nvMid=29030650586&catId=50001519
Apple 아이폰 13 128GB [자급제],"1,053,150원",https://cr.shopping.naver.com/adcr.nhn?x=OutfugcUlp%2BngnpfXAF2j%2F%2F%2F%2Fw%3D%3DsD%2BOg4PJ31z3PaEhWhEJnlK3ws%2BNCQGiiRjhgVJ22MrIbsBKbbjTB%2BBCjsLv6tz%2BjAtcGKFQ0G7sjW9120LMh%2FGtBtCaLH97Br3Yf3rg5kqMdXqHFvk531U5gnZdZVP5ZcZ%2Fc2a5mUTJbm3RSVieEg0gAn8lD2%2BxrgblrBqYwPdWug%2B9sjA7rHdeMLkY%2BwIMUMRx4KxbEWu5oJE2qAkkLfzQZD6UDT51Dg8nNb9lI8fV%2BFLPJmN7kd5F0maTGsL0com3t4ehJW2l6G1o6yBFTTQwxN212GjeiHooVC9uGVC654J8UO7LDGXdPU9Do8oyMXmq0wb8nQ9S1CNyVqQgAyNSdzZL%2Blkdr3GHNj5oy8j%2BzaLo3YojXuQJMvdaZ%2BI%2Fy%2F0X8gFBBhr6rnnTk5Nq2rMgcU01wvNxh7fRDqkbVT%2BixyTNOpvF5JKAAUscSxRXpjrModG8ApvyDh2g%2Bv61QByXOgYtW9uI4lT45GrDygl1D%2FkFMO4s7sTx4sbc7XXXQvaOjGxMtdSZf0nL3LrxHbJDNFJJLgKN9kSecR7zUnpFPwCXFJiRdosf3os3K%2FWn1M00KKzWvaJF4obv2un1IbAXqzWwtiVkcpSvA9gVGmZRoaKZHilHbuauHUigNM5KA&nvMid=29030374587&catId=50001519
Apple 아이폰 13 미니 256GB [자급제],"1,063,400원",https://cr.shopping.naver.com/adcr.nhn?x=ssgaCudvtkEssdObeeNmlv%2F%2F%2Fw%3D%3DsoQb4cvIVSc500UHAK8%2BEkmw%2FCaQfhGU2Cf24fqjXeWcbsBKbbjTB%2BBCjsLv6tz%2BjsKqBeaeTxcYp0xtSWvniYTIpVPUEHtCsIaXoIHgLQlwdXqHFvk531U5gnZdZVP5ZcZ%2Fc2a5mUTJbm3RSVieEg0gAn8lD2%2BxrgblrBqYwPdWug%2B9sjA7rHdeMLkY%2BwIMUdRFHqaZwu7z86DCBOMgIITQZD6UDT51Dg8nNb9lI8fV%2BFLPJmN7kd5F0maTGsL0com3t4ehJW2l6G1o6yBFTTQwxN212GjeiHooVC9uGVC654J8UO7LDGXdPU9Do8oyMXmq0wb8nQ9S1CNyVqQgAyA1ts1vof%2FnOqk0NmYyEiGezaLo3YojXuQJMvdaZ%2BI%2Fy%2F0X8gFBBhr6rnnTk5Nq2rJIbznYzt7q361MzbMXAOJ6xyTNOpvF5JKAAUscSxRXpjrModG8ApvyDh2g%2Bv61QBy76f1u%2BWE%2Bs3CkM%2BRiNFL0N%2FOXq06xFLlMCwNDQObjPLcqEhOiscytOptfh0D9%2BAsyCuKPFO0fKK5q0GP0XvGNGdKhRVlpCKL%2B6yLtiwkhiv4YGjJCSIW1IvBxXT1wG95O4A%2FgfVvjLXgaEUgnb5RBvU2Y6hEEwGxc1AZfON9sL4VRAH%2BsMDObarUodGweR8Q%3D%3D&nvMid=29030437590&catId=50001519
Apple 아이폰 13 프로 맥스 256GB [자급제],"1,560,587원",https://cr.shopping.naver.com/adcr.nhn?x=IUoSXQvgFtQqQ%2FEuFuGni%2F%2F%2F%2Fw%3D%3DsDu0QBscSF0PH6A5sZoPHxlQ061PqVkPit1GP3HoWssJhJz9H0Ub4KLvuVTVtNMxMWRFtdLZgrDKYo6Vevm3lW3mXKUJZaz%2BdeEspev5o0pmelEOrBckg%2Bz%2BRsaSRwMKQBlW4NQjEoADycZ69BIAjdci30QtKP1mA7BYZPpxeJLexWvZfe2todmJfmpbNrXnqiTiHgV17tngZX6ODLdebGbix7jXt7MNVc9AIu4EfDZlNEwRr%2B3STfYHGn%2FB5b3e4Mn7PPqaT0oX%2BKgZuxMY8aLBSVmh9xci1gq4kLsZqtWuk6v2w9jBqMGR4TTsgYaQnlII%2ByYYqWVu3SSXxcjEJdNkP0RU9YyMD850BrhjxWwZQvCL0vjT7BDyew%2BppTYv%2B42C%2Fc7qRTevQOFdP2Clgn5qDTcwvRZ11kyUqJ36AQalLXcv9Az4Jm6rquko58j6DsqLykQuGh01ylIDtEDoqxgd%2BG16etLspUe2HE9zONyfG206zoTJkKRJKeFBLcypkhOBUHb0ZqO6MTkr8MsJnIU0CG5bPGe%2BF8TONeFIzNnuc4vDtz3Q2MqFXlcNpzA88EaThcwm2jOjlPe7qD4n461bHk8LPsn2h2MVq%2F2v0SuW1Tw%2FMQ5Vb3%2FjvN3FImOtWHRyPBWbUFRhWScTsgQynPg%3D%3D&nvMid=29030294588&catId=50001519
Apple 아이폰 13 미니 512GB [자급제],"1,203,650원",https://cr.shopping.naver.com/adcr.nhn?x=V%2B6UWLFf%2BQK7z3D%2FDd04Tv%2F%2F%2Fw%3D%3DsNC5PQ4jZ4avx%2BBOyQi2dAmW2vUDKwI1jcrwR%2F6VYJTlWQE1WikGGRjsm7ORTamZ7A26OuNAQrEBBNr70j%2BXqBxJNJfCqqA1%2BUr0Z781REqr5cIL7Pp26AJ0podsOG17p9gOY1mbTyaDh2PDiUqEgpkPg%2F6PYJW9LpCSumzPJoiiI9aZyW4hhCgmcrsQhWGWGRcIO%2FsSRKHMrPSPiMPM2BfKAXVfyDB1yTbVYYpYzcFnUHxlEatbmVq7jmztE%2FywsfSjkO8a6s%2FQyd23NPnp0bY6%2FAEH1aJPec%2BNZYi3J7AcQhkkHXK4%2FmSRy5icYE%2F2772e3MtFfv9yQbDbLFwar40BbZJL0KQFPsrIxxmJw6XRkIptLkhleORsoGb3BUK6Qk7A%2FO6d9%2F96zm7%2FMwASq2S%2FbsFab1MaplxhxWCpQN79KsaK6szvgRo5X5XC1HnWyi3Qtkfn1hMkL8tyo3kAsI4L05w4dWBlzRD%2F488Jiycz1JtnyFV8OD7Bngtl8x0Qvfm8I4%2BLwqxkEirhSi8uz%2FBzXodD%2Fuu3BPgOWyfXXhtPvW2q1ZBpuV%2F%2FvtKUgTGHntT5iR2YdERiMIq4zXBrZ2kMb6AWbok57MgETeAoot%2FnNjqh%2FZemCCOboDhnweAmG&nvMid=29030296587&catId=50001519
Apple 아이폰 13 프로 맥스 128GB [자급제],"1,457,190원",https://cr.shopping.naver.com/adcr.nhn?x=ZePMqLOvVvQYWbH%2BXXhlLv%2F%2F%2Fw%3D%3Dsg3WXzDwcY9abLgjpIrYBthYPqek0Ox79vKGSLeG%2BkdBhJz9H0Ub4KLvuVTVtNMxMv%2FrmhQQC0VC96J4IWeZur3mXKUJZaz%2BdeEspev5o0pmelEOrBckg%2Bz%2BRsaSRwMKQBlW4NQjEoADycZ69BIAjdci30QtKP1mA7BYZPpxeJLexWvZfe2todmJfmpbNrXnqnCfUWv5T09LdwRr0l79u4rix7jXt7MNVc9AIu4EfDZlNEwRr%2B3STfYHGn%2FB5b3e4Mn7PPqaT0oX%2BKgZuxMY8aLBSVmh9xci1gq4kLsZqtWuk6v2w9jBqMGR4TTsgYaQnlII%2ByYYqWVu3SSXxcjEJdBQ1S4qzysgbS5bN%2B3SCFmlQvCL0vjT7BDyew%2BppTYv%2B42C%2Fc7qRTevQOFdP2Clgn4r6e7U%2FpQrKIgc41enQ0f5LXcv9Az4Jm6rquko58j6DsqLykQuGh01ylIDtEDoqxgd%2BG16etLspUe2HE9zONyeSk2%2FG7h%2BXND%2B0hmw7cZaHhOBUHb0ZqO6MTkr8MsJnIbXhI1O8U4jv%2BhmrYIOykW949MXhbh2LzmlBVSu91uE2EaThcwm2jOjlPe7qD4n46y6QRPnhqFvKke9JlT8yoN0p97LdBP2JdG8yIf%2FFROuEHRyPBWbUFRhWScTsgQynPg%3D%3D&nvMid=29030367587&catId=50001519
Apple 아이폰 13 프로 512GB [자급제],"1,588,000원",https://cr.shopping.naver.com/adcr.nhn?x=hpUYwx4JDi%2FBpttIjghnd%2F%2F%2F%2Fw%3D%3Dst0Kad7OYNz2ZQok%2BDN%2BNwUW3S7R2g%2BEFzqGISl1pKkRhJz9H0Ub4KLvuVTVtNMxM8Ri9PQgH2pB12XCFbQH5V3mXKUJZaz%2BdeEspev5o0pmelEOrBckg%2Bz%2BRsaSRwMKQBlW4NQjEoADycZ69BIAjdci30QtKP1mA7BYZPpxeJLexWvZfe2todmJfmpbNrXnqlDPFdx1sLuYHxlc7aw3L%2Brix7jXt7MNVc9AIu4EfDZlNEwRr%2B3STfYHGn%2FB5b3e4Mn7PPqaT0oX%2BKgZuxMY8aLBSVmh9xci1gq4kLsZqtWuk6v2w9jBqMGR4TTsgYaQnlII%2ByYYqWVu3SSXxcjEJdALlKGU%2BV7fpblR1f0tr2%2BBQvCL0vjT7BDyew%2BppTYv%2B42C%2Fc7qRTevQOFdP2Clgn9oFPYqR1e7umZtQh30mK6NLXcv9Az4Jm6rquko58j6DsqLykQuGh01ylIDtEDoqxu%2FBhiEDQomJlLw1tRUWHW%2FlE80KNwbfNxekQsGJejRksTXhzeKkynwlV5iG42bUw86Qfb8x5f6%2Bq2A7TiqMY5hDE0NeKHCi6hcN76oyBZqSuvfUoRAS8U07QIrCMYqJrTM0hqPGMsErkPhBQWkgWcVWhZ3SMHTcLlpircdRzUgq1JIslBmdxaTx7xO1%2BPPoWw%3D%3D&nvMid=29030416587&catId=50001519
Apple 아이폰 13 프로 맥스 512GB [자급제],"1,853,140원",https://cr.shopping.naver.com/adcr.nhn?x=O9By3O7TSLRTD3vPrroiuf%2F%2F%2Fw%3D%3Ds%2FoMzUvVL3CLb6rMoVA%2BUF23pfkS4x9wDIPjFjrZLfu4bsBKbbjTB%2BBCjsLv6tz%2Bjih7xHWqAqKhl04t%2BxzME66%2FxNdlNHCaiffyNrHmluqgdXqHFvk531U5gnZdZVP5ZcZ%2Fc2a5mUTJbm3RSVieEg0gAn8lD2%2BxrgblrBqYwPdWug%2B9sjA7rHdeMLkY%2BwIMU8l8EUbQKNtJLHSrS0FW8ATQZD6UDT51Dg8nNb9lI8fV%2BFLPJmN7kd5F0maTGsL0com3t4ehJW2l6G1o6yBFTTQwxN212GjeiHooVC9uGVC654J8UO7LDGXdPU9Do8oyMXmq0wb8nQ9S1CNyVqQgAyHXv65glt4SbCJsjbNOkLXKzaLo3YojXuQJMvdaZ%2BI%2Fy%2F0X8gFBBhr6rnnTk5Nq2rBlJPe3j5b5TImvYQcfvLT6xyTNOpvF5JKAAUscSxRXpjrModG8ApvyDh2g%2Bv61QB9KPcVZ%2FKrjPa0MWs5Dn6qSO%2FTmDzyWk%2F15Svlrc3SxOJQ7%2B%2B64EKB%2FCwjrIJoRho2LyPDWRgylYE96MH4EkL2ZidzAYkDpvOfJbrV31cBBuDWrhHEcp0p%2F%2FKKziu53PdGM4IUxOBON%2FJ42cRGeC1kjzDn0BespurhWiMEJ138XTy1Vhq%2FH77x9Zlr1IFzyuow%3D%3D&nvMid=29029192586&catId=50001519
Apple 아이폰 13 512GB [자급제],"1,298,000원",https://cr.shopping.naver.com/adcr.nhn?x=infwv8GactOR1soLldA6VP%2F%2F%2Fw%3D%3DssV3fkEBcr1heng30zXMJRdsY785PqM0CI76GfEeWQ8tWQE1WikGGRjsm7ORTamZ7s0YgKG7D0wQ2C6OKyQj0UxJNJfCqqA1%2BUr0Z781REqr5cIL7Pp26AJ0podsOG17p9gOY1mbTyaDh2PDiUqEgpkPg%2F6PYJW9LpCSumzPJoiiI9aZyW4hhCgmcrsQhWGWGqtvtxFCaSmTZmhdr9drUvvKAXVfyDB1yTbVYYpYzcFnUHxlEatbmVq7jmztE%2FywsfSjkO8a6s%2FQyd23NPnp0bY6%2FAEH1aJPec%2BNZYi3J7AcQhkkHXK4%2FmSRy5icYE%2F2772e3MtFfv9yQbDbLFwar4%2BwrDc0BhAXJYsnyMqZxkhRkIptLkhleORsoGb3BUK6Qk7A%2FO6d9%2F96zm7%2FMwASq2VyXDUXif%2Fv5kcb7l%2F7J%2Be5KsaK6szvgRo5X5XC1HnWyc2LvbLmb0piWIbzV6Bm0kwnrPi2U4bJlb1h8%2Fb7weIijriJ8H0NV5nx9%2BVr0aUV2F8xo2tWvvscSk%2FUShF2AzW5f5dTP6VcbIfPPh7hUBS4SzxwVRNV%2FYRemZK5z1sCEzjxkiqFhSMGi%2FsL2tQiWu0kkhvWQ8pxKsY5zZU%2BsUM8dHI8FZtQVGFZJxOyBDKc%2B&nvMid=29030496586&catId=50001519
Apple 아이폰 13 프로 1TB [자급제],"1,939,990원",https://cr.shopping.naver.com/adcr.nhn?x=zddSj9hrh3RLEiATLQP%2Bf%2F%2F%2F%2Fw%3D%3DseePSRbTk5DaWAvUpDSy%2FjEDnkCIbC7sqYsCqic9nJYwbsBKbbjTB%2BBCjsLv6tz%2Bjx96xYP86hJpQoySr%2F8k0%2Bc%2BbqaQot4awCx2QURvr7YkdXqHFvk531U5gnZdZVP5ZcZ%2Fc2a5mUTJbm3RSVieEg0gAn8lD2%2BxrgblrBqYwPdWug%2B9sjA7rHdeMLkY%2BwIMUmYzuQQAJCViO8N6pCIk6TzQZD6UDT51Dg8nNb9lI8fV%2BFLPJmN7kd5F0maTGsL0com3t4ehJW2l6G1o6yBFTTQwxN212GjeiHooVC9uGVC654J8UO7LDGXdPU9Do8oyMXmq0wb8nQ9S1CNyVqQgAyFQ6EXfOsyfblTBEjEPwaRmzaLo3YojXuQJMvdaZ%2BI%2Fy%2F0X8gFBBhr6rnnTk5Nq2rBncKaMhjSfTIcx0wfCOJd2xyTNOpvF5JKAAUscSxRXpjrModG8ApvyDh2g%2Bv61QB4hhUHSIqUSzlwwt5cSI9Il1I8EDCh5n2RBrPUf%2BYM4BX8a%2FHvPOPEuDd1Ce%2FzZYNZ9Uc3toZtz7ip%2B0sHDPwbYhlFkSXgnhIsfA2gifraIjhTj8Nm2pwYInjXfttSFW1Sc45%2BgTc1bVJj%2B91pxiJX0DfkLIyuldBS3f8m8e6nLmzUhNzs2VE%2B%2Bisqs3JAEppg%3D%3D&nvMid=29029192588&catId=50001519
Apple 아이폰 13 프로 256GB [LG U+],"819,930원",https://cr.shopping.naver.com/adcr.nhn?x=u%2F7anTFL7ZyylkECBWS27f%2F%2F%2Fw%3D%3Dsmkjv6vasjypav4zC8Cgj%2B1FdrQ8kJMaqShlmxB5vJp5WQE1WikGGRjsm7ORTamZ7stBJjdtZ%2BRmy1sblYd479xJNJfCqqA1%2BUr0Z781REqr5cIL7Pp26AJ0podsOG17p9gOY1mbTyaDh2PDiUqEgpkPg%2F6PYJW9LpCSumzPJoiiI9aZyW4hhCgmcrsQhWGWG1qpTT70Ggsw7BdaCH1Z5mvKAXVfyDB1yTbVYYpYzcFnUHxlEatbmVq7jmztE%2FywsfSjkO8a6s%2FQyd23NPnp0bY6%2FAEH1aJPec%2BNZYi3J7AcQhkkHXK4%2FmSRy5icYE%2F2772e3MtFfv9yQbDbLFwar42kzpBW3SlOJ6LejDaPm2sBkIptLkhleORsoGb3BUK6QdpNigRczOXpJrKZuD6kaG2dnbrsMNip6akvn7%2FRx669KsaK6szvgRo5X5XC1HnWyJWkKsSeQuaZ%2FlYk3rKhKIA0CYUgjhcXtTlLCaoz0q6maU9qNqKx0Qc11MwuBOlFmFUGuMYzpkFC5EDWgDPyQkMLQJhoizdz%2FMqNtJ7cfS89icchwRNwmJ84TyxvjggzF8cIcVAH%2BWQF5ZXVyJ01tkQBT5C%2FCLVvr3WkhpaYiuJUOEsHC78VBLnFZh%2FnDobeN&nvMid=29030415586&catId=50000248
Apple 아이폰 13 프로 맥스 1TB [자급제],"2,036,950원",https://cr.shopping.naver.com/adcr.nhn?x=WXFlJ48qrcxGECAjlXm1x%2F%2F%2F%2Fw%3D%3DsaRU4c%2BkDZe7XS3fsfG6CxAuX6oWQiFTlb7IMI3kmq0RWQE1WikGGRjsm7ORTamZ7qeQ%2FbPxRmARb7J1WGAFYixJNJfCqqA1%2BUr0Z781REqr5cIL7Pp26AJ0podsOG17p9gOY1mbTyaDh2PDiUqEgpkPg%2F6PYJW9LpCSumzPJoiiI9aZyW4hhCgmcrsQhWGWGqB%2BYf8KVu5Lizs8e93TFS%2FKAXVfyDB1yTbVYYpYzcFnUHxlEatbmVq7jmztE%2FywsfSjkO8a6s%2FQyd23NPnp0bY6%2FAEH1aJPec%2BNZYi3J7AcQhkkHXK4%2FmSRy5icYE%2F27tZ6VmffT6exYTIGAqoS%2BLph5MLLIaxfAyovDIhjKxkNkIptLkhleORsoGb3BUK6QIzTzjQrR1JItZ3Q6ocvnWrAuNuTN7Z06MuEFLliO4mZKsaK6szvgRo5X5XC1HnWyJWkKsSeQuaZ%2FlYk3rKhKIGDUvoTgi%2FQXXXKL%2FgFFTXkPVL%2B%2Frl5PLPXtI0kaP8PkmKdeEMdUbtmzDI4Aa7HQcUhoaoogoFHGQWSvkV3BkRFv0YK4mnHrwC8e6G2IWD3lezdPirNIEhU3YcDKwV2g5F%2BX2HXD0DGwI0zOv9Wr62xvU2Y6hEEwGxc1AZfON9sL4VRAH%2BsMDObarUodGweR8Q%3D%3D&nvMid=29029192590&catId=50001519
Apple 아이폰 13 미니 256GB [LG U+],"137,880원",https://cr.shopping.naver.com/adcr.nhn?x=n5e7zk6%2BSmcLYEce1byxgv%2F%2F%2Fw%3D%3DsWKbCM0RL8d11XDlYGVLhGV%2FnBgSL6mKL6DzN2QH54kwbsBKbbjTB%2BBCjsLv6tz%2BjbFmWt88eYtKsWZVfFWlrR3RBS4KHAduq5FBUP9AHAfEdXqHFvk531U5gnZdZVP5ZcZ%2Fc2a5mUTJbm3RSVieEg0gAn8lD2%2BxrgblrBqYwPdWug%2B9sjA7rHdeMLkY%2BwIMUH9J2IBuyzX11BjOUDWY3GjQZD6UDT51Dg8nNb9lI8fV%2BFLPJmN7kd5F0maTGsL0com3t4ehJW2l6G1o6yBFTTQwxN212GjeiHooVC9uGVC654J8UO7LDGXdPU9Do8oyMXmq0wb8nQ9S1CNyVqQgAyAE0DlBYW0sl4bynw7O7EkezaLo3YojXuQJMvdaZ%2BI%2FyLqWgWd0hjfnomE3vy2MrU%2ByflqZIBsj4Htpt1dBP3dixyTNOpvF5JKAAUscSxRXpjrModG8ApvyDh2g%2Bv61QBy76f1u%2BWE%2Bs3CkM%2BRiNFL3%2FzaVgfXndF2fkBs0qzZTvfpF8bfclcJjAeddKIqLqoJbPe%2FiKTqWc25B%2F8evfPgnPNAh2mT7p%2BaudROVdlkzMlG7Pc%2F2144WbRF8YblGZ4uiFDd6a5a4hzoqLfLJWDTPke%2FVP%2BgM94BPZkP5YJ%2Bex&nvMid=29030376589&catId=50000248
Apple 아이폰 13 프로 맥스 256GB [LG U+],"935,180원",https://cr.shopping.naver.com/adcr.nhn?x=Kupffm%2FqStSU1B8U9TgbBP%2F%2F%2Fw%3D%3DspksJjmkRagjHhorJSeoyHEF5HjqUyomvJUqKuDaMxcBhJz9H0Ub4KLvuVTVtNMxMC1jPwWUU0gY%2BqML7rpwxHHmXKUJZaz%2BdeEspev5o0pmelEOrBckg%2Bz%2BRsaSRwMKQBlW4NQjEoADycZ69BIAjdci30QtKP1mA7BYZPpxeJLexWvZfe2todmJfmpbNrXnqXLTN90WNo2bfYUnKxvyYpLix7jXt7MNVc9AIu4EfDZlNEwRr%2B3STfYHGn%2FB5b3e4Mn7PPqaT0oX%2BKgZuxMY8aLBSVmh9xci1gq4kLsZqtWuk6v2w9jBqMGR4TTsgYaQnlII%2ByYYqWVu3SSXxcjEJdDnspTDHolaD9%2FqcdVwjtmdQvCL0vjT7BDyew%2BppTYv%2Bf7tEsR%2FQiiXKDPGKE8P4jNXPioG%2Bm1mBqzg1I6ti0spLXcv9Az4Jm6rquko58j6DsqLykQuGh01ylIDtEDoqxgd%2BG16etLspUe2HE9zONyfKu8lNHMUv5FO70BFiZvG%2BXGfKYExq7uG4FGIUYcPNsWghrlkt34Szb9x5qBNyjUPl2S%2F0cqfUyWQp9e2H2y1uezdPirNIEhU3YcDKwV2g5NTgoDMtoi4BEp1dtrpy4dFvU2Y6hEEwGxc1AZfON9sL4VRAH%2BsMDObarUodGweR8Q%3D%3D&nvMid=29030190586&catId=50000248
Apple 아이폰 13 미니 128GB [LG U+],"88,250원",https://cr.shopping.naver.com/adcr.nhn?x=%2BSPpgapUqOqxWvLiNVa%2BgP%2F%2F%2Fw%3D%3Ds4E02mUXHKM48aeoMZFTqqJ9Wo0tz2ROQu2ntOunKwYwbsBKbbjTB%2BBCjsLv6tz%2Bj4AvDY5M%2BvvIp8SkzylEi4fKLZUiDd0iE1l67KO339rgdXqHFvk531U5gnZdZVP5ZcZ%2Fc2a5mUTJbm3RSVieEg0gAn8lD2%2BxrgblrBqYwPdWug%2B9sjA7rHdeMLkY%2BwIMU7xzpl%2BlOYhq%2F8o1%2FuLVZdjQZD6UDT51Dg8nNb9lI8fV%2BFLPJmN7kd5F0maTGsL0com3t4ehJW2l6G1o6yBFTTQwxN212GjeiHooVC9uGVC654J8UO7LDGXdPU9Do8oyMXmq0wb8nQ9S1CNyVqQgAyGXKEsOfHq2k413Dd7uKTJ2zaLo3YojXuQJMvdaZ%2BI%2FyLqWgWd0hjfnomE3vy2MrU01Y1ec23%2BN58O6XVydqfq2xyTNOpvF5JKAAUscSxRXpjrModG8ApvyDh2g%2Bv61QB9f04SLzEOLuWyApwkiBtsH%2FzaVgfXndF2fkBs0qzZTvfpF8bfclcJjAeddKIqLqoAZnFGe%2FP5fDUhcBqCX60djvW2q1ZBpuV%2F%2FvtKUgTGHnLPgZS2Cidwe52oAEpJ9mdlIYRfUOMsmGvFrRvY%2FyFsrHICEQpPL7Rm%2B2fyhjEhHR&nvMid=29030431586&catId=50000248
Apple 아이폰 13 128GB [LG U+],"148,180원",https://cr.shopping.naver.com/adcr.nhn?x=nXUgsCQgAi5f%2FWE5xMy0fP%2F%2F%2Fw%3D%3DsUZfWafYKNhqeUmv3LNDAAnkvdDhRexm%2Fn07ljT6mdthhJz9H0Ub4KLvuVTVtNMxMCFQMnyrSY7YTkYnQ7zBPSnmXKUJZaz%2BdeEspev5o0pmelEOrBckg%2Bz%2BRsaSRwMKQBlW4NQjEoADycZ69BIAjdci30QtKP1mA7BYZPpxeJLexWvZfe2todmJfmpbNrXnqYKFZZuluUMYgcwBfGEHeObix7jXt7MNVc9AIu4EfDZlNEwRr%2B3STfYHGn%2FB5b3e4Mn7PPqaT0oX%2BKgZuxMY8aLBSVmh9xci1gq4kLsZqtWuk6v2w9jBqMGR4TTsgYaQnlII%2ByYYqWVu3SSXxcjEJdPP89yx1aNkCTNo%2BdUC8Ti9QvCL0vjT7BDyew%2BppTYv%2Bf7tEsR%2FQiiXKDPGKE8P4jC3iI41acw8YbdaZPOPdjr5LXcv9Az4Jm6rquko58j6DsqLykQuGh01ylIDtEDoqxokIwakjXXQ7BCSNC4IBYYDyNHyBUXwWVD2ki0TxnNzydCWLDMPLnMJf0FHAMveJx5z%2FzKwsfOEYE6PNyGqQbJ76C0XXk8ySaOQ0OaLzzIxFF4Hok%2Fz1YEBz0W8Y5OttDPRRs2Tl2LVXyNQxua0eKL8GruH08DlKshetxY8KUEZb&nvMid=29030372586&catId=50000248
Apple 아이폰 13 프로 128GB [LG U+],"715,910원",https://cr.shopping.naver.com/adcr.nhn?x=5La%2Fy0Y5urRBsGodD6G2ev%2F%2F%2Fw%3D%3Dsg7yqVFyZnDZ8iX2VNemtApjyUG7ePLjwKJ%2B90KUkYxUbsBKbbjTB%2BBCjsLv6tz%2Bj6SZLOYhVbGIWmSaeb0uXWnCfXNgFhPMF2OttaC8S%2B4wdXqHFvk531U5gnZdZVP5ZcZ%2Fc2a5mUTJbm3RSVieEg0gAn8lD2%2BxrgblrBqYwPdWug%2B9sjA7rHdeMLkY%2BwIMUAcBTqEozy4pkQ0spRQIsFTQZD6UDT51Dg8nNb9lI8fV%2BFLPJmN7kd5F0maTGsL0com3t4ehJW2l6G1o6yBFTTQwxN212GjeiHooVC9uGVC654J8UO7LDGXdPU9Do8oyMXmq0wb8nQ9S1CNyVqQgAyLRDB6d%2Feh%2F0PFT40uDt%2FLezaLo3YojXuQJMvdaZ%2BI%2FyLqWgWd0hjfnomE3vy2MrU9zjt%2FDSzRMNvby671TOnHmxyTNOpvF5JKAAUscSxRXpjrModG8ApvyDh2g%2Bv61QB9OgHh8GcAU6YAPLqcCMdFD%2FzaVgfXndF2fkBs0qzZTvfpF8bfclcJjAeddKIqLqoM%2B0SAcsLg%2F7q5TJ6TN%2BLJ5XKdJT5slM4jN5XqMlSjVzHg8qX9Kw1y72newlJKhKb8JeOoYpFKT7eoENJo3pENzke%2FVP%2BgM94BPZkP5YJ%2Bex&nvMid=29030175590&catId=50000248
Apple 아이폰 13 미니 512GB [LG U+],"448,980원",https://cr.shopping.naver.com/adcr.nhn?x=0JiaPyytHZiSH0rdD0JIvP%2F%2F%2Fw%3D%3DsSi%2BrgnbqV1TcF0hkVwCFs%2F%2FnsauLYSRZeMH4E925ByZWQE1WikGGRjsm7ORTamZ7tTxa4Auv45zqxPiZCWcl%2FhJNJfCqqA1%2BUr0Z781REqr5cIL7Pp26AJ0podsOG17p9gOY1mbTyaDh2PDiUqEgpkPg%2F6PYJW9LpCSumzPJoiiI9aZyW4hhCgmcrsQhWGWGXCy5AzzvlVMr8iZpAmv1CfKAXVfyDB1yTbVYYpYzcFnUHxlEatbmVq7jmztE%2FywsfSjkO8a6s%2FQyd23NPnp0bY6%2FAEH1aJPec%2BNZYi3J7AcQhkkHXK4%2FmSRy5icYE%2F27dIBakKSC%2FecSFSX2ad%2FaS41vvYidpEsxziGyBpwyrbNkIptLkhleORsoGb3BUK6QdpNigRczOXpJrKZuD6kaGwMaVLsAHJXqUh44L3PCiqFKsaK6szvgRo5X5XC1HnWyi3Qtkfn1hMkL8tyo3kAsI8VeRbgXnzBD231NDlWP0FSaU9qNqKx0Qc11MwuBOlFmFUGuMYzpkFC5EDWgDPyQkD25apVDFGxhETTOlz2mjIdicchwRNwmJ84TyxvjggzFVzF9AJFCDMf4%2Fwpn%2FzcVmajs7QxnFnqXRCHn73LqvY8OEsHC78VBLnFZh%2FnDobeN&nvMid=29030419586&catId=50000248
Apple 아이폰 13 256GB [LG U+],"272,180원",https://cr.shopping.naver.com/adcr.nhn?x=6FCOS1PWqU9OFMPyqMwbDP%2F%2F%2Fw%3D%3DsFhmC0jCUQZxIdRwmfPot4MKsDZEzig%2BoVu0MzFQgD2hhJz9H0Ub4KLvuVTVtNMxMKB7UY2jjuDUT5KtRMQq%2Fe3mXKUJZaz%2BdeEspev5o0pmelEOrBckg%2Bz%2BRsaSRwMKQBlW4NQjEoADycZ69BIAjdci30QtKP1mA7BYZPpxeJLexWvZfe2todmJfmpbNrXnqxxsm%2FS7PvYrIy2gc0Hbz67ix7jXt7MNVc9AIu4EfDZlNEwRr%2B3STfYHGn%2FB5b3e4Mn7PPqaT0oX%2BKgZuxMY8aLBSVmh9xci1gq4kLsZqtWuk6v2w9jBqMGR4TTsgYaQnlII%2ByYYqWVu3SSXxcjEJdJYbx5AbYCy3RJCpto8GwSlQvCL0vjT7BDyew%2BppTYv%2Bf7tEsR%2FQiiXKDPGKE8P4jKkH8ulmG4oywSMuQBnDRx5LXcv9Az4Jm6rquko58j6DsqLykQuGh01ylIDtEDoqxspmZ1wImWq6PyL6yh3Sq7fyNHyBUXwWVD2ki0TxnNzyIawz7ygScWeUDDzKji4yoopwUAK08Gx54oHA9I0V5j36C0XXk8ySaOQ0OaLzzIxFlqih1jP8y92eOMv5rWgjjvRRs2Tl2LVXyNQxua0eKL8GruH08DlKshetxY8KUEZb&nvMid=29030189588&catId=50000248
Apple 아이폰 13 프로 맥스 128GB [LG U+],"813,180원",https://cr.shopping.naver.com/adcr.nhn?x=IV6sLB7Pe%2FFOT%2Bk2lV%2BcMf%2F%2F%2Fw%3D%3DsEOBBXF49Yaqq1t8x0ZofUrWcuYJA%2BT%2BdNzAMHJHWXIwbsBKbbjTB%2BBCjsLv6tz%2BjYe8AdEmmC0mYWdyVVjYc83%2BNdK0n79jCZjAPfprqmd0dXqHFvk531U5gnZdZVP5ZcZ%2Fc2a5mUTJbm3RSVieEg0gAn8lD2%2BxrgblrBqYwPdWug%2B9sjA7rHdeMLkY%2BwIMUD6bSGd4rwDk3qyUDgUSRJzQZD6UDT51Dg8nNb9lI8fV%2BFLPJmN7kd5F0maTGsL0com3t4ehJW2l6G1o6yBFTTQwxN212GjeiHooVC9uGVC654J8UO7LDGXdPU9Do8oyMXmq0wb8nQ9S1CNyVqQgAyHW58qmbJZTsciMtpm4jjKmzaLo3YojXuQJMvdaZ%2BI%2FyLqWgWd0hjfnomE3vy2MrU3RPmwtp5bBmDAczpNwSfwSxyTNOpvF5JKAAUscSxRXpjrModG8ApvyDh2g%2Bv61QB9KPcVZ%2FKrjPa0MWs5Dn6qTDn6OqyG%2FLBJ1GRebB6%2FaVo64ifB9DVeZ8ffla9GlFdsMMrdo4Qy7N8PSEN3QdEyvIUEb7lA3IJK6Elf3UkLfDjr%2Fvhuz%2FM2bOeEg7k3nONVmoUzrb1UHLhUOUSVR0wj7mIjcXtWMiCxjBN4Nc5dhYQdAiJdwXirBRdnaxfvrBbw%3D%3D&nvMid=29030352586&catId=50000248
Apple 아이폰 13 프로 512GB [LG U+],"988,980원",https://cr.shopping.naver.com/adcr.nhn?x=pJOEzbFenESi1XwvvplA7v%2F%2F%2Fw%3D%3DsUh8Nn%2FMMw2I3ysf2bXjGzupNCh2OxbJurxYoa3kgXHwbsBKbbjTB%2BBCjsLv6tz%2Bj0RTugvI2G2kKOpXNLgf9tyu7OwyOuoJNJ0ggBk1K6w0dXqHFvk531U5gnZdZVP5ZcZ%2Fc2a5mUTJbm3RSVieEg0gAn8lD2%2BxrgblrBqYwPdWug%2B9sjA7rHdeMLkY%2BwIMUmRDWhNotjbnuwU%2BcfNUqnjQZD6UDT51Dg8nNb9lI8fV%2BFLPJmN7kd5F0maTGsL0com3t4ehJW2l6G1o6yBFTTQwxN212GjeiHooVC9uGVC654J8UO7LDGXdPU9Do8oyMXmq0wb8nQ9S1CNyVqQgAyGqV4%2BsG1x7BCBXWdsa%2BPlSzaLo3YojXuQJMvdaZ%2BI%2FyLqWgWd0hjfnomE3vy2MrU4h%2BcRK7%2FN7hGXRrttaJlWixyTNOpvF5JKAAUscSxRXpjrModG8ApvyDh2g%2Bv61QB4477o7USeaHMDW4VjUWS83%2FzaVgfXndF2fkBs0qzZTvfpF8bfclcJjAeddKIqLqoIowuIWCMXPa1%2B8iBpePuZjPNAh2mT7p%2BaudROVdlkzMquCXmXPYgulYkn51qE6A4tMg8bYqVIlaaxIE9jHFy%2Fnke%2FVP%2BgM94BPZkP5YJ%2Bex&nvMid=29030295586&catId=50000248
Apple 아이폰 13 프로 맥스 512GB [LG U+],"1,259,180원",https://cr.shopping.naver.com/adcr.nhn?x=DVWgK34u618yzig7mwBM6f%2F%2F%2Fw%3D%3Dsi2Lld%2Fz2p7xCbrwpUNDxDVm9IwPA47E6a5IEZUpBW%2BAbsBKbbjTB%2BBCjsLv6tz%2Bj5qz%2B19x3WTnfkgGyMQKknv4feLkP0XCofQnR4pRxWIYdXqHFvk531U5gnZdZVP5ZcZ%2Fc2a5mUTJbm3RSVieEg0gAn8lD2%2BxrgblrBqYwPdWug%2B9sjA7rHdeMLkY%2BwIMUeLonWMPrGi0RSJvZfvKEXzQZD6UDT51Dg8nNb9lI8fV%2BFLPJmN7kd5F0maTGsL0com3t4ehJW2l6G1o6yBFTTQwxN212GjeiHooVC9uGVC654J8UO7LDGXdPU9Do8oyMXmq0wb8nQ9S1CNyVqQgAyJLZk2vzzuGmwCFjrawJSpOzaLo3YojXuQJMvdaZ%2BI%2FyLqWgWd0hjfnomE3vy2MrU1aAA9GEK3cx5mWoXN9vaRWxyTNOpvF5JKAAUscSxRXpjrModG8ApvyDh2g%2Bv61QB9KPcVZ%2FKrjPa0MWs5Dn6qQShByR6lx4fZu6dlciio5Ho64ifB9DVeZ8ffla9GlFdiLk77kdC0XH1c6tkDsTmCXK%2BbbYN8Q9wm3R6pmqSRDGEs8cFUTVf2EXpmSuc9bAhGu9Ne3dnrlu8kcW3cH6kH87VI3cI9wiGCjj96p9Js1XHRyPBWbUFRhWScTsgQynPg%3D%3D&nvMid=29030181590&catId=50000248
Apple 아이폰 13 512GB [LG U+],"558,180원",https://cr.shopping.naver.com/adcr.nhn?x=ygLHqbq0Wdnnljmb99jB%2BP%2F%2F%2Fw%3D%3DsTpzmIhXmECcgvi6azwaAKheddPDX%2BffhqEiSGmmvRp9hJz9H0Ub4KLvuVTVtNMxMqLKls%2BouFkvzEOfXsxwKH3mXKUJZaz%2BdeEspev5o0pmelEOrBckg%2Bz%2BRsaSRwMKQBlW4NQjEoADycZ69BIAjdci30QtKP1mA7BYZPpxeJLexWvZfe2todmJfmpbNrXnqJg934XoEkbAciqCMIan0C7ix7jXt7MNVc9AIu4EfDZlNEwRr%2B3STfYHGn%2FB5b3e4Mn7PPqaT0oX%2BKgZuxMY8aLBSVmh9xci1gq4kLsZqtWuk6v2w9jBqMGR4TTsgYaQnlII%2ByYYqWVu3SSXxcjEJdKZ65iiyRiShnFtj4g%2BpxLlQvCL0vjT7BDyew%2BppTYv%2Bf7tEsR%2FQiiXKDPGKE8P4jHpien7ZUKb4UiYs1vzaa5pLXcv9Az4Jm6rquko58j6DsqLykQuGh01ylIDtEDoqxqR%2BV7F7j3nYhuEbefUrVJDyNHyBUXwWVD2ki0TxnNzydoi53IcxRWafbwKAUvW2yvwjqMT2ZeeWKPf6%2F9R8nX36C0XXk8ySaOQ0OaLzzIxFtxUkCaNHVi%2BQFYf%2FXrVajvRRs2Tl2LVXyNQxua0eKL8GruH08DlKshetxY8KUEZb&nvMid=29030296586&catId=50000248
Apple 아이폰 13 프로 맥스 1TB [LG U+],"1,535,180원",https://cr.shopping.naver.com/adcr.nhn?x=IN%2FF3aUhbbE1AOcQJSFgNf%2F%2F%2Fw%3D%3Ds0ER3EYY9RY%2FfxJS2f8CPO1nTykhQN4uK31X%2FjZ%2B%2BFf8bsBKbbjTB%2BBCjsLv6tz%2BjBp2FZEx5TkXg%2FcvHsxgxgI7DnsiNq%2BO6WT%2BigSuPmskdXqHFvk531U5gnZdZVP5ZcZ%2Fc2a5mUTJbm3RSVieEg0gAn8lD2%2BxrgblrBqYwPdWug%2B9sjA7rHdeMLkY%2BwIMUv%2FiyLKIYZJmYdqtV06rV7DQZD6UDT51Dg8nNb9lI8fV%2BFLPJmN7kd5F0maTGsL0com3t4ehJW2l6G1o6yBFTTQwxN212GjeiHooVC9uGVC654J8UO7LDGXdPU9Do8oyMXmq0wb8nQ9S1CNyVqQgAyIqvHc4oSfc0yQ6%2BtkYn%2B0CzaLo3YojXuQJMvdaZ%2BI%2FyLqWgWd0hjfnomE3vy2MrU7DLvCv0hsFU9ubLUKckv6uxyTNOpvF5JKAAUscSxRXpjrModG8ApvyDh2g%2Bv61QB9KPcVZ%2FKrjPa0MWs5Dn6qSCdrDUWMtdj5yhgIK0MVB3uwP9L0j7YvHB2OKNn2rLcGI9kPLXN8DybMX4lHtqKV9ODRWjimOxBZY6Hd6F8go2%2BgtF15PMkmjkNDmi88yMRWp7Mi%2Bvlh%2FxwYyCsv8%2BvJL0UbNk5di1V8jUMbmtHii%2FBq7h9PA5SrIXrcWPClBGWw%3D%3D&nvMid=29030181587&catId=50000248
Apple 아이폰 13 프로 1TB [LG U+],"1,299,000원",https://cr.shopping.naver.com/adcr.nhn?x=H7IdGDTXsFpntSFM4jWu9f%2F%2F%2Fw%3D%3DsWAMGls3S63LUq46ZARY7Vd2rRxdy7Aq%2FO6DoF%2BlP7e9WQE1WikGGRjsm7ORTamZ7OTKBIAJ1%2BiSvsY3rHsjriBJNJfCqqA1%2BUr0Z781REqr5cIL7Pp26AJ0podsOG17p9gOY1mbTyaDh2PDiUqEgpkPg%2F6PYJW9LpCSumzPJoiiI9aZyW4hhCgmcrsQhWGWGSTPU5ABzv3XWI4RtHnUCp%2FKAXVfyDB1yTbVYYpYzcFnUHxlEatbmVq7jmztE%2FywsfSjkO8a6s%2FQyd23NPnp0bY6%2FAEH1aJPec%2BNZYi3J7AcQhkkHXK4%2FmSRy5icYE%2F27BW36r4QZshREfg%2B3vq7RNjjt3uwZBwDTh20dvXiI%2FYpkIptLkhleORsoGb3BUK6QdpNigRczOXpJrKZuD6kaG0%2Bh%2FDLKzZCAz5qbu2OwBXdKsaK6szvgRo5X5XC1HnWyJWkKsSeQuaZ%2FlYk3rKhKIPJ%2BRbqCskNG2aRCaorIKBGE4FQdvRmo7oxOSvwywmch%2F8tLrOj70AQAoeQDchE8zjdKrQMU82U4apFB7wucFM4RpOFzCbaM6OU97uoPifjr7pHWPuVdh6qoW1YarAta%2FHta7ju5knODuyywhuXY7cCCqA6%2BrrPkSkQjk3bFq%2FUy&nvMid=29030294586&catId=50000248
Apple 아이폰 13 mini 자급제 128GB 핑크,"920,500원",https://cr.shopping.naver.com/adcr.nhn?x=Lubijdh56dusSwFD6SSbC%2F%2F%2F%2Fw%3D%3DsjbvLRwuhzcvIciR2ftZbW9hzwqStXkOnb3nJ63SDcR9WQE1WikGGRjsm7ORTamZ7sWHAj1mwAtm%2BduMGioYWohJNJfCqqA1%2BUr0Z781REqr5cIL7Pp26AJ0podsOG17pwjolqUlpjgpLjgcy8O63S3zmYN%2Fcvl75AGnByk2TjWEm5OY6%2FBA05LWPXaqTF3xXnI3Q%2FuFm111yFJnQ1iq5B71Tu2YAED8FE1DskIgCmU0ZGe4cP7cVYU9o63cGbOe8CT0A%2Fhi0KCJEEZzc%2BFaeIxk%2FmKhin15cT4wq2TfBk4KQT%2F1%2BUqlrPlwXUnpD%2FFtpR94RYrwfhuR3sT2xO9%2FBa7WHGbU3vQLFag1ANwcxPI%2FBz7%2BORHa%2BX777%2F5U82WuFQKqT6kqRQCkn%2FWvq3tTzqNGT8xjZxIdzpm7mcj60ADpdrU9gBvTOY8XVxGgpGxxdzmTgBf8s9pHWooJeUmRwOs5msUBBCQDT8FT1939LbgvM1lwfQy7SrRH%2FEshmn%2FEduycPGUmE%2B%2FkBn2xUmVUl2DgZH4JSoRb30E92AHG9Ef7x91hdeRCkNc2L18DVFH4QL3aXMZghk2CNFMEpXJGpCNC6KCHFmi95CktViwT1kedlNzdJFgkoR1MOL3Zb6EWFOqk6AFISwlFNRYUItDPlNewAU97HiMA7Z%2F4XXz%2F5ri5Xc50eBITwugSNPH3Ok09sVpGw61BSdoQRvEGgfFlc5w%3D%3D&nvMid=29619937553&catId=50001519
APLLE 아이폰13 미니 128GB 미개통 미개봉 새상품,"696,210원",https://cr.shopping.naver.com/adcr.nhn?x=gwooeQ767Dc52OcPIlB4z%2F%2F%2F%2Fw%3D%3Ds%2B4ScLmU0HE9qKYxB%2BibXmu%2BAy0rb1LwQAVOpHu1nlc9WQE1WikGGRjsm7ORTamZ7gXkEcM%2BsRV0WPRYl%2FAJvUxJNJfCqqA1%2BUr0Z781REqr5cIL7Pp26AJ0podsOG17pnQzMha5Ku1P7YZEubnXmR7D9cbDzdvBhYP28y8rhu4mr9N9rARz1GwL8SD%2B61y0rYjed6bDdzU5V0UeDrUDLwwhr2bCd2r2G93UoBZwiYxx3hozpBAShvqaBkGIjKIODq4pZA3hvtay1NdVGnhX93YrHsbeStsmJBfOvK7DA6omVnfajvzPROsSTLyvkpMBDrmwpvCadLHMvMHDaOLwRVhtX1KiGewk6njQXhFIriI28uld39zOSPvhOgEXxdbDDzfNVo1KcSVSazeZg7M%2BAacHEs1%2BCqulzAT1A0vtOExFH05rvNDz7PzAT4ZyM8uarQlMmvbR5PWbKRWJLFfqS3ZsImd5R8ywdSoem%2Bc0Id3FFuVrPkkJARiuo992QR%2F2VetLK8f7JyKwW5SPFu8CoVeYQsU7TtARBhTKL6TvT1FPpcWAR46GqWP3G4%2BFRj9k%2FsB6VRexeBzmpzqoC1Cw8gW9TZjqEQTAbFzUBl8432wvhVEAf6wwM5tqtSh0bB5Hx&nvMid=32358692890&catId=50001519
아이폰 13 pro max 256G 자급제 미개통 새상품,"1,357,620원",https://cr.shopping.naver.com/adcr.nhn?x=6U5fIgmZ5Q8bPcWjfiWHp%2F%2F%2F%2Fw%3D%3DsQGi%2FCHVuZ8rIXmPhmjD0Cd9dcn5d6qBRTxcwF3CTcHJhJz9H0Ub4KLvuVTVtNMxMPj4aB4pZrxalTEzWcBWivHmXKUJZaz%2BdeEspev5o0pmelEOrBckg%2Bz%2BRsaSRwMKQHS0KVFzi1PDGiogUqBvQuu0JZ4vKXq2xVuFay0gNbwiO%2FsdgQE5FIA0Tw1QMogpFE9ttwlJObyPvM%2BJzmItrJm6exW4FoLoa8wg6RYCgvMo0G8wCa%2BS2NSfQkZr3dKY%2BtYcZtTe9AsVqDUA3BzE8j8HPv45Edr5fvvv%2FlTzZa4XLO3OM0B6R%2BOEZhL95L6MiHNg6gKkRcGcQ5HNXeY4X9up2LdD%2BbxXYDmNHXbecDBnpERFS%2F6qAi8LX3RQoJ2Olvr0cGMa%2B3Xknx9TlSAiKMdGcSpApPFcaQySrpsMMo6ELPw2%2BMuMgvw46W4A1uLL4ru0ge61C%2FJg2HX0VmVuN%2Fjdk7HwwquSv8bjjIy4PGeME1l9eqHIYxA2rReLbiQMetkFHXYnmYYKwDhm81tcezKvtUBvfoSsQPvEM6ZWUZToUN5wIx%2Fwg76WNlfdDrAdwbD2om%2FMG7yUBqqzp%2FLhz2QN%2BQsjK6V0FLd%2Fybx7qcubNSE3OzZUT76KyqzckASmm&nvMid=30313697664&catId=50001519
애플 아이폰 13 자급제 256GB 핑크 MLQ83KH/A,"1,230,000원",https://cr.shopping.naver.com/adcr.nhn?x=TztwPHquZhuVHWiD8GiT6P%2F%2F%2Fw%3D%3DsX2rl5%2Ff5sA%2F6uKqeMrAjjiNiOrllwbdRuGB8YoRLphRhJz9H0Ub4KLvuVTVtNMxMCuokxVinaKKKMlmZ2%2FC%2FCXmXKUJZaz%2BdeEspev5o0pmelEOrBckg%2Bz%2BRsaSRwMKQBlW4NQjEoADycZ69BIAjdfu6oAkTGETHMs8EuiNceQvlfoZh2hIS82uJEUWTv4oRW3pO0%2Fjo5SFGw4bxwbTi90PZqLXxWtVMyiFubkFDkvMXdtp7prBxA3t%2FiNiPjVS%2FywzmTmRvGD%2FgZYTjyHvRo3rTXr7Kn13ziv%2BL7HuG0pJthTvU%2F05au0wXf8ba3f3aVTLNHpD6BLQZa9ZN9%2FdES46%2FAEH1aJPec%2BNZYi3J7AcQhkkHXK4%2FmSRy5icYE%2F27ZC%2BSXUxwyLUckntucAABtZld95WE0Yd0Noi%2BIr98BJYIN3A3u3O07Sg4gQ4JNPwZ42C%2Fc7qRTevQOFdP2Clgn%2FJd2RggGqEVfFiiXxZIVRW0DIsfiSt0okbPcKH469FYe4QCLUZcmEFD81pDDU%2B0MtcFRID1JSSw7M4lPp%2BgPo0j8DyIpUPQr73I5iiBpH7KpZF%2BuO2XY48Pfq%2BTHL6fmmq3Tsu8DxHDVrKgrsrE5%2B4ed2jeUri935kBhp6SGAEfNjFnpKpk3A32%2FYTMxCHHavJxoY7vbtTLRgJxkFmMSQ4djPIqN1a%2Baeg%2B1U5c4tJMHRyPBWbUFRhWScTsgQynPg%3D%3D&nvMid=29588086062&catId=50001519
애플 아이폰13미니128GB 자급제 새상품 미개통 미개봉,"643,280원",https://cr.shopping.naver.com/adcr.nhn?x=UjspXaafEOgHkzN4rY6Bqv%2F%2F%2Fw%3D%3Ds4Jvs9pY%2BnZn339aL3O0IApXlz41As88ztbJHuEp40o8bsBKbbjTB%2BBCjsLv6tz%2Bj8Kb4y3VkU%2BsyMzsv9RkQbvcG2PFg9ybgO8higQ89ShMdXqHFvk531U5gnZdZVP5ZkEo9kvT%2FnL%2BMv9TSoGaxJS8ffQLw1x%2F8Lf5s6Y8TBIHXkj%2BZW%2F1lJfgqvRvZaBhRd%2FKFBo1ilhYfUEP2yJF6PAqyufsx7Y11N1r9srHSK84IRob%2Bi9lESNP4ekoKEtUyXdezQ2HK8TR90MAcLx2iUmvqR2unsG9Pw6XBns%2FftjJmn%2B6FVZ%2Fm0w7K7lHYQAO7C%2FleKdncdYhlOhAjSffj9Me9j9TM33g7MivnAbc9%2BIALYAEemTEjCJWZ1KZmjp0vSJAYfEvvQu8%2FVxg%2BQgchhoqqUq%2FLTjZyCoQ3eg1hlrt3T8xS4C9ylv0zhpaeHBifPR%2FhKBFZoN3x5wxetQed1w7mGHmbAMNiCtAboee3bjUOxScYVk0cq%2BqYCTY2jdCg5J9fE8%2BaUEoGh0%2BNc3dHcOiEUHR7UlMAYAEQ1RG%2Bjomr7VAb36ErED7xDOmVlGU6LLyyjqCqrknz%2FUtH7Vdg2XxwmIXekleV1ZRowuISUVMDfkLIyuldBS3f8m8e6nLmzUhNzs2VE%2B%2Bisqs3JAEppg%3D%3D&nvMid=33216634088&catId=50001519
아이폰13 미니 128GB 자급제 새상품,"736,350원",https://cr.shopping.naver.com/adcr.nhn?x=05EWIfkBMmstotHayCSPiv%2F%2F%2Fw%3D%3Dss5Ty9bYV4m2UnUoRbbZxN7fuLak%2BpEEyFNfbfjhTXlgbsBKbbjTB%2BBCjsLv6tz%2BjI2wGeRlZBS9dEuzuSaDVm%2BlJwgK%2F0yRAKJhedDiNEOodXqHFvk531U5gnZdZVP5ZkEo9kvT%2FnL%2BMv9TSoGaxJS8ffQLw1x%2F8Lf5s6Y8TBIHXkj%2BZW%2F1lJfgqvRvZaBhRHobLqCowvZoMHdD09Yl1v2lQFMyWIOULxVtn6hHLBqsIRob%2Bi9lESNP4ekoKEtUyXdezQ2HK8TR90MAcLx2iUmvqR2unsG9Pw6XBns%2FftjJmn%2B6FVZ%2Fm0w7K7lHYQAO7zpDSXOtjJnhzyewrMtKdGce9j9TM33g7MivnAbc9%2BIA7VP1U4GyYiTLxkdR9GlRqde02nEU8QyN1d40BQxqthKsGE4uyxhKsa2R7hguA1VVH05rvNDz7PzAT4ZyM8uarwiuzEnDQHnZbrY40%2BMPjXh2hB0PvPhVNmcYc5mX2Apb%2B1NURcqCEXNBAuJCkYIJS5VUDFft0kT8oJlA%2FsNLteoYC%2FbED3GC5WQIkmmh93e6RCPJAPzaKSjOe%2BAwxngjTwHxibiNmNcjcmw0duDvwSg4SwcLvxUEucVmH%2BcOht40%3D&nvMid=32358615593&catId=50001519
애플 아이폰13프로맥스 256GB 자급제 미개봉 미개통,"1,374,720원",https://cr.shopping.naver.com/adcr.nhn?x=esr%2FOTcvwKv4diVesb1rzv%2F%2F%2Fw%3D%3DsfNlKld9o39xQojX4KOKosAJdo5407UY4IaZIZ8CastQbsBKbbjTB%2BBCjsLv6tz%2Bj4CpaK1y3GYD07zvECQSDfPcPfDOjkHfJT9gR7bMaPVEdXqHFvk531U5gnZdZVP5ZcZ%2Fc2a5mUTJbm3RSVieEg4%2BIQytrVqltGB1T%2B2f6yx3boDMDs%2FItH9u7RHvoVPYgJO8fTAFEXpkHrtMxjsD9LzaYyQhaAETWTZ75MaLFONPgrF0ZHxBaWD0hzKtgYyHOvtboOVzr4mZAd5sUYIzGN13Xs0NhyvE0fdDAHC8dolJr6kdrp7BvT8OlwZ7P37YyZp%2FuhVWf5tMOyu5R2EADu5Hh1V1YPnvAo0sOGRiufdahASFm6QMSHF%2FUaOA0EOrw9cHibucK370VBYCLsADYqHB2839nT3LJHD8T16JSSqm0DIsfiSt0okbPcKH469FYOPGlaJHPq%2FpXx2mPevR5cn9P7hl0xzzV73YrdLtA4nnHLT5NVVVHEa0GGDrMUnZuxw5s11RMxuT9zu3GB9tb8LeYJwj4rvdMWDUIMP3Rt%2Fua0mdtzout08N0tqYDlrAwuT3LHYsTijPOJ38PlOyCuhBnspQe56%2FXjNlrVAlVHVZ7s9me4%2BkC7STJKJLnmfH1ATQoBoZyaGMgPFeI9gEXDQ1QmAmnoJRdq4K9btjkCM0%3D&nvMid=33215245054&catId=50001519
갤럭시 애플 아이폰13미니 256GB A2628-256,"328,000원",https://cr.shopping.naver.com/adcr.nhn?x=YHGdWLjDKMR4GLRNLp7zQ%2F%2F%2F%2Fw%3D%3Ds3Hvrbw2XNOFnzaaBBHoPPuQ33e8ppF3xBXQvKc58P%2FIbsBKbbjTB%2BBCjsLv6tz%2Bjr69pmjaBI%2B4FkULeVizhlpWDdhLFE%2Fh9mvydIW%2F48FQdXqHFvk531U5gnZdZVP5ZkEo9kvT%2FnL%2BMv9TSoGaxJSEZeoQHMcdY%2BBmIxWKmM6UYU9jgztfft7b6b5ZIhhGI5zq%2BSXh%2FmOUTYEDHT3kYiIsFwae0BHwdZpQbOfz6J3NuugL%2BeAcdh9b7AeMgzeSwM5D%2FGXvILAjgQNfpwhz0ISJiuf%2BuN2z0hTDr%2BqeT%2Flq7oMLFDSbyg4tokNYOYCX7%2FOIq6qLqW%2BXB7aAhUB%2FZQCVdN3LpKf%2FbKuiZi7z1XJRI5xbPxF21NmoioR01zR7No6Ngz2REKN6f%2F%2Fts2jTYS9h70KxtauexuiiD73hEv8irjkF2%2FM9nLHDp9laDbcCqN4cJmN%2FUDxtCJvwhQg9PIDvYyxSDKLUoyVpDAdMnd%2FBv%2Fl1ULJpuzojqRnnJNpps%2BikjsSiW63Vs0aNix1Ue%2BCv%2BkW9sIK6Zhnw7Ci4As6XJh4N7WAYUModAxQkzRjkxeVfHZKQoi9g6WhI1bNwH6hohtPjA9PZFWriSd2EhWtTfNwECKg6htyvUm5XR6gMlfr%2BZw2lDL34S1MCqNAeCPstVYavx%2B%2B8fWZa9SBc8rqM%3D&nvMid=33274035969&catId=50001519
아이폰 Apple 아이폰13 미니 128GB 기기값 14만원,"146,000원",https://cr.shopping.naver.com/adcr.nhn?x=fzPNZib2LZgbE8BhXE3n%2Fv%2F%2F%2Fw%3D%3DsuGXHFrc9UXilB6gIWE5bW2arLrb%2ByPtDau%2Bd3sRqoPVWQE1WikGGRjsm7ORTamZ74zB4BqGpMpMVMfOgZErhLBJNJfCqqA1%2BUr0Z781REqr5cIL7Pp26AJ0podsOG17p4NieD3CsfQ0zXlj0dfQzX5xspcflZYjogUa%2BtzON8Ln2UH1RiEW6vY1FWnWOVWrQ84EcMY1WiED3LO8B9%2FwPkV5G91LPP2mkTCnAAs1zo7cMMTdtdho3oh6KFQvbhlQuueCfFDuywxl3T1PQ6PKMjF5qtMG%2FJ0PUtQjclakIAMjnUzykKG581FiTIckIL987MVdd8yUItSvaUomikco2t0upyqKrbq%2Bohkoas%2FVOhW57DsV6H3VgLc49w6vLmcBieTxswSpjtmly9xBJ22QymKh%2F1bcB%2BrPywSkosIrdjS7Dzi6XcWNbvKq10qgktmbfsffBCrJR21eYhB8fSl5KSm0pkLpNOX5wZgMRWiYeChpDihemHTwFlR5pP4A5iC%2F7mIOoKIfduI59A8JGNpqirxohtPjA9PZFWriSd2EhWtQNM9Cygav2glz5lu%2B1vvGg1NKQA9ygpIRpgS1w77KYostVYavx%2B%2B8fWZa9SBc8rqM%3D&nvMid=29860284145&catId=50001519
Apple 아이폰 13 미니 256GB 새상품 미개봉 미개통,"478,080원",https://cr.shopping.naver.com/adcr.nhn?x=eRJo0yQ3Af8n%2FOiK9RTH1%2F%2F%2F%2Fw%3D%3DsWl1vqlVpI65zRt0g5ZEQABEl%2FPlSnSl7Jc2Yw%2B4CCBRhJz9H0Ub4KLvuVTVtNMxMmaLlV08pNsVTY0eFcsxXj3mXKUJZaz%2BdeEspev5o0pmelEOrBckg%2Bz%2BRsaSRwMKQBlW4NQjEoADycZ69BIAjdbDXn0IDLBCgN%2FK3%2BGwmqM%2BpFjjh%2FGPU%2BK9K7OXF%2BaHk0eX6N0xSuoVW6n8HgFyAb369MlbRXchA4gJllKq4Fcuztg8TZ7OnyY8uXhuoCz7dxdlkT7oQSJ0vVyptrKQw67WHGbU3vQLFag1ANwcxPI%2FBz7%2BORHa%2BX777%2F5U82WuFDUHVss68%2F%2BP6JV7OwEL%2Bjg5NIjFKgpL305OQ3LYTJbxdrU9gBvTOY8XVxGgpGxxdGIQ4y7YpBAZzjOaZjoGKLrqJvsZc0JSzVzNJYYoJGNfM1lwfQy7SrRH%2FEshmn%2FEdcOT%2BRsdnHIzNMGl8g3WFMzQSYMIVgUQVF%2FmWEn8Gd%2FhSSPwX9ZGuOiBfwbyI1aneLVr2WSDOIulDvwfWwAtqWJl9Q9zd%2Bfhw4B7N1shOzgjcEZyjkPSc%2F%2BghF0sTOQs8GiG0%2BMD09kVauJJ3YSFa1J%2Bqxi6m%2FaU1ODRcJ6htyamPsjswaF7r50d8wWoVnnl7hWw3%2BIByOa0jCVNQVnCDoA%3D%3D&nvMid=32599880303&catId=50001519
해외Apple Iphone13 아이폰13자급제 홍콩 무음카메라 듀얼심,"1,228,300원",https://cr.shopping.naver.com/adcr.nhn?x=NMpAg7cN8U3BqPX5UMZeLP%2F%2F%2Fw%3D%3DsbVfnL0z8vU8XNh%2Fo5LDrHlbba%2Bt2slaGV%2FIDyMD3LLQbsBKbbjTB%2BBCjsLv6tz%2Bj1vJ5grH1wNFnAIoBLBhHa53ikHRw18tM%2B4oHb3lgB1cdXqHFvk531U5gnZdZVP5ZcZ%2Fc2a5mUTJbm3RSVieEg4ZYgwI2fs40XR%2FERq%2FGNyfWK4fiV391hyKbNzjTTmNIJCh2n%2B8wPLG3%2FCV4EviKYHeGjOkEBKG%2BpoGQYiMog4OrilkDeG%2B1rLU11UaeFf3disext5K2yYkF868rsMDqiep71pcxN9hQEfPV9idcdc0ie%2BKOmYGIkWyrdxGgiy5ZknnpBql96m6NvKPxU4%2F6XMmP3itKb8qXOjq1xYmGk2Lh3BGEZxZoQxsNxWhQ%2BGr5KeaS012AAk3Rlcee%2FJWp6NaD1OPIeUML29jfpEy%2BkizNmhl4NB%2FkCn9zz6BXtGZrUT2bEX8D13R3wugHD%2BUApCICe5SNqNHUkCV7c%2FRI3FgoiRvu8H8x2XMeoOEcFZBMx0dDK4kB4LMWmYX2fspz6Lk9yx2LE4ozzid%2FD5TsgrpwC5qJQiggdl8aRPAi0OgSme96NyM1QNo7et1Y7gosr%2FAi6SJuctBkjZkU2zkNw5VoaKZHilHbuauHUigNM5KA&nvMid=83441457587&catId=50001519
[아이폰] 애플 아이폰13 128GB 자급제 미개봉 새상품,"847,300원",https://cr.shopping.naver.com/adcr.nhn?x=KvaeLzoxMRwMTqo2uLo5pP%2F%2F%2Fw%3D%3DsbZJvpXbOc0ERxipsFUWM6Vwc%2By3Io6IO0hAyDF8dsK5WQE1WikGGRjsm7ORTamZ7fWcdUh6H9MMSE5UTLczvZBJNJfCqqA1%2BUr0Z781REqr5cIL7Pp26AJ0podsOG17ppFNdD2YyN8T6v%2BhTIw%2BnVxv5PZtYmS%2BmNvXLXF9nEnGUNUv65oeq781FR%2FMJQKy4X9M6JenI5WxqDuF87gsdRF1QkOgf7h4Fkv8l4zJ0VLLjk2rujE%2BGaNhZjzEjhwV7NqOPGRaclpU1FVk%2Fz8jlo12IKrEdiccAAv2%2B5J8UV50UM896hoKR%2B6V%2B7ZlpQ%2ByiB7P9jx5KZr1oy9qstZx7m01GjUs6yncx0GDyfAz5wq0r39EN%2FPjL3aZq5erXf9Bux72P1MzfeDsyK%2BcBtz34gE48JCE3lANtE76tYQYooDPjdpFx%2B8xTVnuNANBeZ5O3H5rWXXtYasaxtbD1PkSXAixZGCsjRrdvBtIgJWtAMZkHunLgkk2MN%2BWwr%2FbbemA5g6hVNyR8BOGhBgPqf182zYbD0lQ0LOc6bS2L%2FdkB%2BXjKxrKi8wooiSs9oBMYOomgz7wMP%2Bz35RD4dEDkJ2J5hlg7%2BHuXCoK%2FQoQk3uElYlLZlVYLDEJpnI8cF6CMPSIWCHy5E5DubyWmKeG%2B0ndE9WbDFbXDwXtkVDklFYhfNa2FbDf4gHI5rSMJU1BWcIOg&nvMid=33567966874&catId=50001519
